STATION,NAME,DATE,TAVG,TMAX,TMIN,TOBS
USW00094960,"MINNEAPOLIS CRYSTAL AIRPORT, MN US",2022-01-01,,-2,-13,
USW00094960,"MINNEAPOLIS CRYSTAL AIRPORT, MN US",2022-01-02,,4,-17,
USW00094960,"MINNEAPOLIS CRYSTAL AIRPORT, MN US",2022-01-03,,26,2,
USW00094960,"MINNEAPOLIS CRYSTAL AIRPORT, MN US",2022-01-04,,32,11,
USW00094960,"MINNEAPOLIS CRYSTAL AIRPORT, MN US",2022-01-05,,22,2,
USW00094960,"MINNEAPOLIS CRYSTAL AIRPORT, MN US",2022-01-06,,2,-12,
USW00094960,"MINNEAPOLIS CRYSTAL AIRPORT, MN US",2022-01-07,,11,-19,
USW00094960,"MINNEAPOLIS CRYSTAL AIRPORT, MN US",2022-01-08,,28,4,
USW00094960,"MINNEAPOLIS CRYSTAL AIRPORT, MN US",2022-01-09,,5,-6,
USW00094960,"MINNEAPOLIS CRYSTAL AIRPORT, MN US",2022-01-10,,4,-10,
USW00094960,"MINNEAPOLIS CRYSTAL AIRPORT, MN US",2022-01-11,,37,3,
USW00094960,"MINNEAPOLIS CRYSTAL AIRPORT, MN US",2022-01-12,,38,27,
USW00094960,"MINNEAPOLIS CRYSTAL AIRPORT, MN US",2022-01-13,,34,25,
USW00094960,"MINNEAPOLIS CRYSTAL AIRPORT, MN US",2022-01-14,,25,9,
USW00094960,"MINNEAPOLIS CRYSTAL AIRPORT, MN US",2022-01-15,,16,-8,
USW00094960,"MINNEAPOLIS CRYSTAL AIRPORT, MN US",2022-01-16,,28,8,
USW00094960,"MINNEAPOLIS CRYSTAL AIRPORT, MN US",2022-01-17,,30,16,
USW00094960,"MINNEAPOLIS CRYSTAL AIRPORT, MN US",2022-01-18,,43,9,
USW00094960,"MINNEAPOLIS CRYSTAL AIRPORT, MN US",2022-01-19,,9,-6,
USW00094960,"MINNEAPOLIS CRYSTAL AIRPORT, MN US",2022-01-20,,3,-13,
USW00094960,"MINNEAPOLIS CRYSTAL AIRPORT, MN US",2022-01-21,,23,-9,
USW00094960,"MINNEAPOLIS CRYSTAL AIRPORT, MN US",2022-01-22,,25,6,
USW00094960,"MINNEAPOLIS CRYSTAL AIRPORT, MN US",2022-01-23,,8,-14,
USW00094960,"MINNEAPOLIS CRYSTAL AIRPORT, MN US",2022-01-24,,10,-5,
USW00094960,"MINNEAPOLIS CRYSTAL AIRPORT, MN US",2022-01-25,,2,-13,
USW00094960,"MINNEAPOLIS CRYSTAL AIRPORT, MN US",2022-01-26,,28,-17,
USW00094960,"MINNEAPOLIS CRYSTAL AIRPORT, MN US",2022-01-27,,34,3,
USW00094960,"MINNEAPOLIS CRYSTAL AIRPORT, MN US",2022-01-28,,13,-11,
USW00094960,"MINNEAPOLIS CRYSTAL AIRPORT, MN US",2022-01-29,,27,4,
USW00094960,"MINNEAPOLIS CRYSTAL AIRPORT, MN US",2022-01-30,,22,13,
USW00094960,"MINNEAPOLIS CRYSTAL AIRPORT, MN US",2022-01-31,,29,12,
USW00094960,"MINNEAPOLIS CRYSTAL AIRPORT, MN US",2022-02-01,,34,2,
USW00094960,"MINNEAPOLIS CRYSTAL AIRPORT, MN US",2022-02-02,,5,-5,
USW00094960,"MINNEAPOLIS CRYSTAL AIRPORT, MN US",2022-02-03,,6,-12,
USW00094960,"MINNEAPOLIS CRYSTAL AIRPORT, MN US",2022-02-04,,8,-5,
USW00094960,"MINNEAPOLIS CRYSTAL AIRPORT, MN US",2022-02-05,,24,-4,
USW00094960,"MINNEAPOLIS CRYSTAL AIRPORT, MN US",2022-02-06,,22,3,
USW00094960,"MINNEAPOLIS CRYSTAL AIRPORT, MN US",2022-02-07,,20,-5,
USW00094960,"MINNEAPOLIS CRYSTAL AIRPORT, MN US",2022-02-08,,44,14,
USW00094960,"MINNEAPOLIS CRYSTAL AIRPORT, MN US",2022-02-09,,37,20,
USW00094960,"MINNEAPOLIS CRYSTAL AIRPORT, MN US",2022-02-10,,41,13,
USW00094960,"MINNEAPOLIS CRYSTAL AIRPORT, MN US",2022-02-11,,38,2,
USW00094960,"MINNEAPOLIS CRYSTAL AIRPORT, MN US",2022-02-12,,4,-9,
USW00094960,"MINNEAPOLIS CRYSTAL AIRPORT, MN US",2022-02-13,,7,-9,
USW00094960,"MINNEAPOLIS CRYSTAL AIRPORT, MN US",2022-02-14,,16,2,
USW00094960,"MINNEAPOLIS CRYSTAL AIRPORT, MN US",2022-02-15,,30,4,
USW00094960,"MINNEAPOLIS CRYSTAL AIRPORT, MN US",2022-02-16,,27,12,
USW00094960,"MINNEAPOLIS CRYSTAL AIRPORT, MN US",2022-02-17,,12,-3,
USW00094960,"MINNEAPOLIS CRYSTAL AIRPORT, MN US",2022-02-18,,36,0,
USW00094960,"MINNEAPOLIS CRYSTAL AIRPORT, MN US",2022-02-19,,26,-3,
USW00094960,"MINNEAPOLIS CRYSTAL AIRPORT, MN US",2022-02-20,,42,24,
USW00094960,"MINNEAPOLIS CRYSTAL AIRPORT, MN US",2022-02-21,,24,14,
USW00094960,"MINNEAPOLIS CRYSTAL AIRPORT, MN US",2022-02-22,,14,1,
USW00094960,"MINNEAPOLIS CRYSTAL AIRPORT, MN US",2022-02-23,,11,-5,
USW00094960,"MINNEAPOLIS CRYSTAL AIRPORT, MN US",2022-02-24,,12,-8,
USW00094960,"MINNEAPOLIS CRYSTAL AIRPORT, MN US",2022-02-25,,17,-2,
USW00094960,"MINNEAPOLIS CRYSTAL AIRPORT, MN US",2022-02-26,,35,3,
USW00094960,"MINNEAPOLIS CRYSTAL AIRPORT, MN US",2022-02-27,,34,6,
USW00094960,"MINNEAPOLIS CRYSTAL AIRPORT, MN US",2022-02-28,,42,18,
USW00094960,"MINNEAPOLIS CRYSTAL AIRPORT, MN US",2022-03-01,,40,25,
USW00094960,"MINNEAPOLIS CRYSTAL AIRPORT, MN US",2022-03-02,,33,21,
USW00094960,"MINNEAPOLIS CRYSTAL AIRPORT, MN US",2022-03-03,,25,14,
USW00094960,"MINNEAPOLIS CRYSTAL AIRPORT, MN US",2022-03-04,,36,20,
USW00094960,"MINNEAPOLIS CRYSTAL AIRPORT, MN US",2022-03-05,,34,30,
USW00094960,"MINNEAPOLIS CRYSTAL AIRPORT, MN US",2022-03-06,,30,21,
USW00094960,"MINNEAPOLIS CRYSTAL AIRPORT, MN US",2022-03-07,,29,14,
USW00094960,"MINNEAPOLIS CRYSTAL AIRPORT, MN US",2022-03-08,,34,22,
USW00094960,"MINNEAPOLIS CRYSTAL AIRPORT, MN US",2022-03-09,,24,8,
USW00094960,"MINNEAPOLIS CRYSTAL AIRPORT, MN US",2022-03-10,,26,2,
USW00094960,"MINNEAPOLIS CRYSTAL AIRPORT, MN US",2022-03-11,,23,1,
USW00094960,"MINNEAPOLIS CRYSTAL AIRPORT, MN US",2022-03-12,,30,-3,
USW00094960,"MINNEAPOLIS CRYSTAL AIRPORT, MN US",2022-03-13,,42,26,
USW00094960,"MINNEAPOLIS CRYSTAL AIRPORT, MN US",2022-03-14,,39,25,
USW00094960,"MINNEAPOLIS CRYSTAL AIRPORT, MN US",2022-03-15,,50,21,
USW00094960,"MINNEAPOLIS CRYSTAL AIRPORT, MN US",2022-03-16,,53,35,
USW00094960,"MINNEAPOLIS CRYSTAL AIRPORT, MN US",2022-03-17,,48,36,
USW00094960,"MINNEAPOLIS CRYSTAL AIRPORT, MN US",2022-03-18,,46,29,
USW00094960,"MINNEAPOLIS CRYSTAL AIRPORT, MN US",2022-03-19,,52,25,
USW00094960,"MINNEAPOLIS CRYSTAL AIRPORT, MN US",2022-03-20,,60,25,
USW00094960,"MINNEAPOLIS CRYSTAL AIRPORT, MN US",2022-03-21,,64,46,
USW00094960,"MINNEAPOLIS CRYSTAL AIRPORT, MN US",2022-03-22,,46,35,
USW00094960,"MINNEAPOLIS CRYSTAL AIRPORT, MN US",2022-03-23,,37,33,
USW00094960,"MINNEAPOLIS CRYSTAL AIRPORT, MN US",2022-03-24,,47,33,
USW00094960,"MINNEAPOLIS CRYSTAL AIRPORT, MN US",2022-03-25,,42,24,
USW00094960,"MINNEAPOLIS CRYSTAL AIRPORT, MN US",2022-03-26,,33,19,
USW00094960,"MINNEAPOLIS CRYSTAL AIRPORT, MN US",2022-03-27,,31,12,
USW00094960,"MINNEAPOLIS CRYSTAL AIRPORT, MN US",2022-03-28,,38,15,
USW00094960,"MINNEAPOLIS CRYSTAL AIRPORT, MN US",2022-03-29,,44,33,
USW00094960,"MINNEAPOLIS CRYSTAL AIRPORT, MN US",2022-03-30,,35,32,
USW00094960,"MINNEAPOLIS CRYSTAL AIRPORT, MN US",2022-03-31,,36,24,
USW00094960,"MINNEAPOLIS CRYSTAL AIRPORT, MN US",2022-04-01,,45,21,
USW00094960,"MINNEAPOLIS CRYSTAL AIRPORT, MN US",2022-04-02,,52,32,
USW00094960,"MINNEAPOLIS CRYSTAL AIRPORT, MN US",2022-04-03,,43,25,
USW00094960,"MINNEAPOLIS CRYSTAL AIRPORT, MN US",2022-04-04,,46,34,
USW00094960,"MINNEAPOLIS CRYSTAL AIRPORT, MN US",2022-04-05,,46,36,
USW00094960,"MINNEAPOLIS CRYSTAL AIRPORT, MN US",2022-04-06,,41,33,
USW00094960,"MINNEAPOLIS CRYSTAL AIRPORT, MN US",2022-04-07,,38,31,
USW00094960,"MINNEAPOLIS CRYSTAL AIRPORT, MN US",2022-04-08,,49,32,
USW00094960,"MINNEAPOLIS CRYSTAL AIRPORT, MN US",2022-04-09,,56,25,
USW00094960,"MINNEAPOLIS CRYSTAL AIRPORT, MN US",2022-04-10,,63,38,
USW00094960,"MINNEAPOLIS CRYSTAL AIRPORT, MN US",2022-04-11,,60,36,
USW00094960,"MINNEAPOLIS CRYSTAL AIRPORT, MN US",2022-04-12,,57,34,
USW00094960,"MINNEAPOLIS CRYSTAL AIRPORT, MN US",2022-04-13,,48,31,
USW00094960,"MINNEAPOLIS CRYSTAL AIRPORT, MN US",2022-04-14,,37,28,
USW00094960,"MINNEAPOLIS CRYSTAL AIRPORT, MN US",2022-04-15,,33,21,
USW00094960,"MINNEAPOLIS CRYSTAL AIRPORT, MN US",2022-04-16,,42,26,
USW00094960,"MINNEAPOLIS CRYSTAL AIRPORT, MN US",2022-04-17,,46,21,
USW00094960,"MINNEAPOLIS CRYSTAL AIRPORT, MN US",2022-04-18,,38,29,
USW00094960,"MINNEAPOLIS CRYSTAL AIRPORT, MN US",2022-04-19,,48,21,
USW00094960,"MINNEAPOLIS CRYSTAL AIRPORT, MN US",2022-04-20,,46,39,
USW00094960,"MINNEAPOLIS CRYSTAL AIRPORT, MN US",2022-04-21,,56,38,
USW00094960,"MINNEAPOLIS CRYSTAL AIRPORT, MN US",2022-04-22,,55,43,
USW00094960,"MINNEAPOLIS CRYSTAL AIRPORT, MN US",2022-04-23,,75,53,
USW00094960,"MINNEAPOLIS CRYSTAL AIRPORT, MN US",2022-04-24,,53,36,
USW00094960,"MINNEAPOLIS CRYSTAL AIRPORT, MN US",2022-04-25,,39,31,
USW00094960,"MINNEAPOLIS CRYSTAL AIRPORT, MN US",2022-04-26,,43,28,
USW00094960,"MINNEAPOLIS CRYSTAL AIRPORT, MN US",2022-04-27,,50,29,
USW00094960,"MINNEAPOLIS CRYSTAL AIRPORT, MN US",2022-04-28,,52,37,
USW00094960,"MINNEAPOLIS CRYSTAL AIRPORT, MN US",2022-04-29,,61,46,
USW00094960,"MINNEAPOLIS CRYSTAL AIRPORT, MN US",2022-04-30,,54,47,
USW00094960,"MINNEAPOLIS CRYSTAL AIRPORT, MN US",2022-05-01,,49,43,
USW00094960,"MINNEAPOLIS CRYSTAL AIRPORT, MN US",2022-05-02,,51,40,
USW00094960,"MINNEAPOLIS CRYSTAL AIRPORT, MN US",2022-05-03,,59,43,
USW00094960,"MINNEAPOLIS CRYSTAL AIRPORT, MN US",2022-05-04,,65,33,
USW00094960,"MINNEAPOLIS CRYSTAL AIRPORT, MN US",2022-05-05,,66,41,
USW00094960,"MINNEAPOLIS CRYSTAL AIRPORT, MN US",2022-05-06,,73,39,
USW00094960,"MINNEAPOLIS CRYSTAL AIRPORT, MN US",2022-05-07,,75,51,
USW00094960,"MINNEAPOLIS CRYSTAL AIRPORT, MN US",2022-05-08,,65,53,
USW00094960,"MINNEAPOLIS CRYSTAL AIRPORT, MN US",2022-05-09,,87,54,
USW00094960,"MINNEAPOLIS CRYSTAL AIRPORT, MN US",2022-05-10,,80,52,
USW00094960,"MINNEAPOLIS CRYSTAL AIRPORT, MN US",2022-05-11,,75,60,
USW00094960,"MINNEAPOLIS CRYSTAL AIRPORT, MN US",2022-05-12,,92,58,
USW00094960,"MINNEAPOLIS CRYSTAL AIRPORT, MN US",2022-05-13,,75,55,
USW00094960,"MINNEAPOLIS CRYSTAL AIRPORT, MN US",2022-05-14,,74,52,
USW00094960,"MINNEAPOLIS CRYSTAL AIRPORT, MN US",2022-05-15,,75,51,
USW00094960,"MINNEAPOLIS CRYSTAL AIRPORT, MN US",2022-05-16,,71,52,
USW00094960,"MINNEAPOLIS CRYSTAL AIRPORT, MN US",2022-05-17,,73,44,
USW00094960,"MINNEAPOLIS CRYSTAL AIRPORT, MN US",2022-05-18,,73,56,
USW00094960,"MINNEAPOLIS CRYSTAL AIRPORT, MN US",2022-05-19,,72,48,
USW00094960,"MINNEAPOLIS CRYSTAL AIRPORT, MN US",2022-05-20,,66,48,
USW00094960,"MINNEAPOLIS CRYSTAL AIRPORT, MN US",2022-05-21,,55,42,
USW00094960,"MINNEAPOLIS CRYSTAL AIRPORT, MN US",2022-05-22,,58,39,
USW00094960,"MINNEAPOLIS CRYSTAL AIRPORT, MN US",2022-05-23,,67,41,
USW00094960,"MINNEAPOLIS CRYSTAL AIRPORT, MN US",2022-05-24,,69,48,
USW00094960,"MINNEAPOLIS CRYSTAL AIRPORT, MN US",2022-05-25,,60,48,
USW00094960,"MINNEAPOLIS CRYSTAL AIRPORT, MN US",2022-05-26,,63,45,
USW00094960,"MINNEAPOLIS CRYSTAL AIRPORT, MN US",2022-05-27,,77,41,
USW00094960,"MINNEAPOLIS CRYSTAL AIRPORT, MN US",2022-05-28,,89,60,
USW00094960,"MINNEAPOLIS CRYSTAL AIRPORT, MN US",2022-05-29,,82,66,
USW00094960,"MINNEAPOLIS CRYSTAL AIRPORT, MN US",2022-05-30,,88,63,
USW00094960,"MINNEAPOLIS CRYSTAL AIRPORT, MN US",2022-06-01,,70,48,
USW00094960,"MINNEAPOLIS CRYSTAL AIRPORT, MN US",2022-06-02,,78,49,
USW00094960,"MINNEAPOLIS CRYSTAL AIRPORT, MN US",2022-06-03,,70,49,
USW00094960,"MINNEAPOLIS CRYSTAL AIRPORT, MN US",2022-06-04,,72,52,
USW00094960,"MINNEAPOLIS CRYSTAL AIRPORT, MN US",2022-06-05,,73,57,
USW00094960,"MINNEAPOLIS CRYSTAL AIRPORT, MN US",2022-06-06,,77,59,
USW00094960,"MINNEAPOLIS CRYSTAL AIRPORT, MN US",2022-06-07,,71,54,
USW00094960,"MINNEAPOLIS CRYSTAL AIRPORT, MN US",2022-06-08,,79,51,
USW00094960,"MINNEAPOLIS CRYSTAL AIRPORT, MN US",2022-06-09,,81,49,
USW00094960,"MINNEAPOLIS CRYSTAL AIRPORT, MN US",2022-06-10,,82,56,
USW00094960,"MINNEAPOLIS CRYSTAL AIRPORT, MN US",2022-06-11,,81,64,
USW00094960,"MINNEAPOLIS CRYSTAL AIRPORT, MN US",2022-06-12,,80,62,
USW00094960,"MINNEAPOLIS CRYSTAL AIRPORT, MN US",2022-06-13,,80,68,
USW00094960,"MINNEAPOLIS CRYSTAL AIRPORT, MN US",2022-06-14,,96,73,
USW00094960,"MINNEAPOLIS CRYSTAL AIRPORT, MN US",2022-06-15,,78,66,
USW00094960,"MINNEAPOLIS CRYSTAL AIRPORT, MN US",2022-06-16,,82,64,
USW00094960,"MINNEAPOLIS CRYSTAL AIRPORT, MN US",2022-06-17,,86,58,
USW00094960,"MINNEAPOLIS CRYSTAL AIRPORT, MN US",2022-06-18,,85,63,
USW00094960,"MINNEAPOLIS CRYSTAL AIRPORT, MN US",2022-06-19,,98,70,
USW00094960,"MINNEAPOLIS CRYSTAL AIRPORT, MN US",2022-06-20,,102,79,
USW00094960,"MINNEAPOLIS CRYSTAL AIRPORT, MN US",2022-06-21,,88,71,
USW00094960,"MINNEAPOLIS CRYSTAL AIRPORT, MN US",2022-06-22,,86,66,
USW00094960,"MINNEAPOLIS CRYSTAL AIRPORT, MN US",2022-06-23,,96,63,
USW00094960,"MINNEAPOLIS CRYSTAL AIRPORT, MN US",2022-06-24,,92,65,
USW00094960,"MINNEAPOLIS CRYSTAL AIRPORT, MN US",2022-06-25,,81,62,
USW00094960,"MINNEAPOLIS CRYSTAL AIRPORT, MN US",2022-06-26,,75,59,
USW00094960,"MINNEAPOLIS CRYSTAL AIRPORT, MN US",2022-06-27,,85,54,
USW00094960,"MINNEAPOLIS CRYSTAL AIRPORT, MN US",2022-06-28,,85,61,
USW00094960,"MINNEAPOLIS CRYSTAL AIRPORT, MN US",2022-06-29,,92,53,
USW00094960,"MINNEAPOLIS CRYSTAL AIRPORT, MN US",2022-06-30,,92,69,
USW00094960,"MINNEAPOLIS CRYSTAL AIRPORT, MN US",2022-07-01,,85,58,
USW00094960,"MINNEAPOLIS CRYSTAL AIRPORT, MN US",2022-07-02,,79,60,
USW00094960,"MINNEAPOLIS CRYSTAL AIRPORT, MN US",2022-07-03,,84,62,
USW00094960,"MINNEAPOLIS CRYSTAL AIRPORT, MN US",2022-07-04,,86,70,
USW00094960,"MINNEAPOLIS CRYSTAL AIRPORT, MN US",2022-07-05,,89,70,
USW00094960,"MINNEAPOLIS CRYSTAL AIRPORT, MN US",2022-07-06,,83,64,
USW00094960,"MINNEAPOLIS CRYSTAL AIRPORT, MN US",2022-07-07,,88,67,
USW00094960,"MINNEAPOLIS CRYSTAL AIRPORT, MN US",2022-07-08,,84,70,
USW00094960,"MINNEAPOLIS CRYSTAL AIRPORT, MN US",2022-07-09,,86,64,
USW00094960,"MINNEAPOLIS CRYSTAL AIRPORT, MN US",2022-07-10,,85,70,
USW00094960,"MINNEAPOLIS CRYSTAL AIRPORT, MN US",2022-07-11,,87,67,
USW00094960,"MINNEAPOLIS CRYSTAL AIRPORT, MN US",2022-07-12,,87,62,
USW00094960,"MINNEAPOLIS CRYSTAL AIRPORT, MN US",2022-07-13,,76,60,
USW00094960,"MINNEAPOLIS CRYSTAL AIRPORT, MN US",2022-07-14,,87,56,
USW00094960,"MINNEAPOLIS CRYSTAL AIRPORT, MN US",2022-07-15,,91,71,
USW00094960,"MINNEAPOLIS CRYSTAL AIRPORT, MN US",2022-07-16,,88,68,
USW00094960,"MINNEAPOLIS CRYSTAL AIRPORT, MN US",2022-07-17,,91,67,
USW00094960,"MINNEAPOLIS CRYSTAL AIRPORT, MN US",2022-07-18,,97,73,
USW00094960,"MINNEAPOLIS CRYSTAL AIRPORT, MN US",2022-07-19,,92,75,
USW00094960,"MINNEAPOLIS CRYSTAL AIRPORT, MN US",2022-07-20,,90,72,
USW00094960,"MINNEAPOLIS CRYSTAL AIRPORT, MN US",2022-07-21,,87,72,
USW00094960,"MINNEAPOLIS CRYSTAL AIRPORT, MN US",2022-07-22,,92,70,
USW00094960,"MINNEAPOLIS CRYSTAL AIRPORT, MN US",2022-07-23,,80,64,
USW00094960,"MINNEAPOLIS CRYSTAL AIRPORT, MN US",2022-07-24,,81,62,
USW00094960,"MINNEAPOLIS CRYSTAL AIRPORT, MN US",2022-07-25,,78,54,
USW00094960,"MINNEAPOLIS CRYSTAL AIRPORT, MN US",2022-07-26,,77,62,
USW00094960,"MINNEAPOLIS CRYSTAL AIRPORT, MN US",2022-07-27,,83,61,
USW00094960,"MINNEAPOLIS CRYSTAL AIRPORT, MN US",2022-07-28,,76,59,
USW00094960,"MINNEAPOLIS CRYSTAL AIRPORT, MN US",2022-07-29,,81,59,
USW00094960,"MINNEAPOLIS CRYSTAL AIRPORT, MN US",2022-07-30,,89,58,
USW00094960,"MINNEAPOLIS CRYSTAL AIRPORT, MN US",2022-07-31,,86,65,
USW00094960,"MINNEAPOLIS CRYSTAL AIRPORT, MN US",2022-08-01,,84,66,
USW00094960,"MINNEAPOLIS CRYSTAL AIRPORT, MN US",2022-08-02,,96,62,
USW00094960,"MINNEAPOLIS CRYSTAL AIRPORT, MN US",2022-08-03,,87,64,
USW00094960,"MINNEAPOLIS CRYSTAL AIRPORT, MN US",2022-08-04,,86,56,
USW00094960,"MINNEAPOLIS CRYSTAL AIRPORT, MN US",2022-08-05,,93,67,
USW00094960,"MINNEAPOLIS CRYSTAL AIRPORT, MN US",2022-08-06,,82,70,
USW00094960,"MINNEAPOLIS CRYSTAL AIRPORT, MN US",2022-08-07,,77,59,
USW00094960,"MINNEAPOLIS CRYSTAL AIRPORT, MN US",2022-08-08,,77,56,
USW00094960,"MINNEAPOLIS CRYSTAL AIRPORT, MN US",2022-08-09,,84,56,
USW00094960,"MINNEAPOLIS CRYSTAL AIRPORT, MN US",2022-08-10,,86,62,
USW00094960,"MINNEAPOLIS CRYSTAL AIRPORT, MN US",2022-08-11,,83,61,
USW00094960,"MINNEAPOLIS CRYSTAL AIRPORT, MN US",2022-08-12,,75,61,
USW00094960,"MINNEAPOLIS CRYSTAL AIRPORT, MN US",2022-08-13,,72,61,
USW00094960,"MINNEAPOLIS CRYSTAL AIRPORT, MN US",2022-08-14,,75,56,
USW00094960,"MINNEAPOLIS CRYSTAL AIRPORT, MN US",2022-08-15,,78,56,
USW00094960,"MINNEAPOLIS CRYSTAL AIRPORT, MN US",2022-08-16,,81,63,
USW00094960,"MINNEAPOLIS CRYSTAL AIRPORT, MN US",2022-08-17,,83,65,
USW00094960,"MINNEAPOLIS CRYSTAL AIRPORT, MN US",2022-08-18,,79,62,
USW00094960,"MINNEAPOLIS CRYSTAL AIRPORT, MN US",2022-08-19,,74,61,
USW00094960,"MINNEAPOLIS CRYSTAL AIRPORT, MN US",2022-08-20,,76,61,
USW00094960,"MINNEAPOLIS CRYSTAL AIRPORT, MN US",2022-08-21,,81,56,
USW00094960,"MINNEAPOLIS CRYSTAL AIRPORT, MN US",2022-08-22,,82,56,
USW00094960,"MINNEAPOLIS CRYSTAL AIRPORT, MN US",2022-08-23,,84,57,
USW00094960,"MINNEAPOLIS CRYSTAL AIRPORT, MN US",2022-08-24,,81,69,
USW00094960,"MINNEAPOLIS CRYSTAL AIRPORT, MN US",2022-08-25,,78,61,
USW00094960,"MINNEAPOLIS CRYSTAL AIRPORT, MN US",2022-08-26,,81,55,
USW00094960,"MINNEAPOLIS CRYSTAL AIRPORT, MN US",2022-08-27,,79,67,
USW00094960,"MINNEAPOLIS CRYSTAL AIRPORT, MN US",2022-08-28,,80,68,
USW00094960,"MINNEAPOLIS CRYSTAL AIRPORT, MN US",2022-08-29,,79,65,
USW00094960,"MINNEAPOLIS CRYSTAL AIRPORT, MN US",2022-08-30,,79,60,
USW00094960,"MINNEAPOLIS CRYSTAL AIRPORT, MN US",2022-08-31,,88,62,
USW00094960,"MINNEAPOLIS CRYSTAL AIRPORT, MN US",2022-09-01,,89,62,
USW00094960,"MINNEAPOLIS CRYSTAL AIRPORT, MN US",2022-09-02,,86,64,
USW00094960,"MINNEAPOLIS CRYSTAL AIRPORT, MN US",2022-09-03,,75,56,
USW00094960,"MINNEAPOLIS CRYSTAL AIRPORT, MN US",2022-09-04,,76,47,
USW00094960,"MINNEAPOLIS CRYSTAL AIRPORT, MN US",2022-09-05,,77,51,
USW00094960,"MINNEAPOLIS CRYSTAL AIRPORT, MN US",2022-09-06,,83,62,
USW00094960,"MINNEAPOLIS CRYSTAL AIRPORT, MN US",2022-09-07,,87,63,
USW00094960,"MINNEAPOLIS CRYSTAL AIRPORT, MN US",2022-09-08,,87,69,
USW00094960,"MINNEAPOLIS CRYSTAL AIRPORT, MN US",2022-09-09,,76,58,
USW00094960,"MINNEAPOLIS CRYSTAL AIRPORT, MN US",2022-09-10,,73,52,
USW00094960,"MINNEAPOLIS CRYSTAL AIRPORT, MN US",2022-09-11,,74,45,
USW00094960,"MINNEAPOLIS CRYSTAL AIRPORT, MN US",2022-09-12,,77,47,
USW00094960,"MINNEAPOLIS CRYSTAL AIRPORT, MN US",2022-09-13,,79,48,
USW00094960,"MINNEAPOLIS CRYSTAL AIRPORT, MN US",2022-09-14,,78,50,
USW00094960,"MINNEAPOLIS CRYSTAL AIRPORT, MN US",2022-09-15,,89,65,
USW00094960,"MINNEAPOLIS CRYSTAL AIRPORT, MN US",2022-09-16,,79,65,
USW00094960,"MINNEAPOLIS CRYSTAL AIRPORT, MN US",2022-09-17,,83,65,
USW00094960,"MINNEAPOLIS CRYSTAL AIRPORT, MN US",2022-09-18,,73,53,
USW00094960,"MINNEAPOLIS CRYSTAL AIRPORT, MN US",2022-09-19,,82,48,
USW00094960,"MINNEAPOLIS CRYSTAL AIRPORT, MN US",2022-09-20,,92,63,
USW00094960,"MINNEAPOLIS CRYSTAL AIRPORT, MN US",2022-09-21,,69,50,
USW00094960,"MINNEAPOLIS CRYSTAL AIRPORT, MN US",2022-09-22,,64,46,
USW00094960,"MINNEAPOLIS CRYSTAL AIRPORT, MN US",2022-09-23,,56,51,
USW00094960,"MINNEAPOLIS CRYSTAL AIRPORT, MN US",2022-09-24,,67,54,
USW00094960,"MINNEAPOLIS CRYSTAL AIRPORT, MN US",2022-09-25,,70,52,
USW00094960,"MINNEAPOLIS CRYSTAL AIRPORT, MN US",2022-09-26,,64,42,
USW00094960,"MINNEAPOLIS CRYSTAL AIRPORT, MN US",2022-09-27,,60,36,
USW00094960,"MINNEAPOLIS CRYSTAL AIRPORT, MN US",2022-09-28,,62,30,
USW00094960,"MINNEAPOLIS CRYSTAL AIRPORT, MN US",2022-09-29,,71,42,
USW00094960,"MINNEAPOLIS CRYSTAL AIRPORT, MN US",2022-09-30,,72,52,
USW00094960,"MINNEAPOLIS CRYSTAL AIRPORT, MN US",2022-10-01,,70,55,
USW00094960,"MINNEAPOLIS CRYSTAL AIRPORT, MN US",2022-10-02,,75,50,
USW00094960,"MINNEAPOLIS CRYSTAL AIRPORT, MN US",2022-10-03,,77,58,
USW00094960,"MINNEAPOLIS CRYSTAL AIRPORT, MN US",2022-10-04,,79,56,
USW00094960,"MINNEAPOLIS CRYSTAL AIRPORT, MN US",2022-10-05,,73,54,
USW00094960,"MINNEAPOLIS CRYSTAL AIRPORT, MN US",2022-10-06,,61,44,
USW00094960,"MINNEAPOLIS CRYSTAL AIRPORT, MN US",2022-10-07,,48,31,
USW00094960,"MINNEAPOLIS CRYSTAL AIRPORT, MN US",2022-10-08,,65,32,
USW00094960,"MINNEAPOLIS CRYSTAL AIRPORT, MN US",2022-10-09,,69,35,
USW00094960,"MINNEAPOLIS CRYSTAL AIRPORT, MN US",2022-10-10,,71,36,
USW00094960,"MINNEAPOLIS CRYSTAL AIRPORT, MN US",2022-10-11,,82,52,
USW00094960,"MINNEAPOLIS CRYSTAL AIRPORT, MN US",2022-10-12,,61,43,
USW00094960,"MINNEAPOLIS CRYSTAL AIRPORT, MN US",2022-10-13,,45,33,
USW00094960,"MINNEAPOLIS CRYSTAL AIRPORT, MN US",2022-10-14,,42,32,
USW00094960,"MINNEAPOLIS CRYSTAL AIRPORT, MN US",2022-10-15,,55,30,
USW00094960,"MINNEAPOLIS CRYSTAL AIRPORT, MN US",2022-10-16,,46,34,
USW00094960,"MINNEAPOLIS CRYSTAL AIRPORT, MN US",2022-10-17,,40,27,
USW00094960,"MINNEAPOLIS CRYSTAL AIRPORT, MN US",2022-10-18,,44,21,
USW00094960,"MINNEAPOLIS CRYSTAL AIRPORT, MN US",2022-10-19,,49,23,
USW00094960,"MINNEAPOLIS CRYSTAL AIRPORT, MN US",2022-10-20,,61,27,
USW00094960,"MINNEAPOLIS CRYSTAL AIRPORT, MN US",2022-10-21,,68,39,
USW00094960,"MINNEAPOLIS CRYSTAL AIRPORT, MN US",2022-10-22,,78,35,
USW00094960,"MINNEAPOLIS CRYSTAL AIRPORT, MN US",2022-10-23,,78,60,
USW00094960,"MINNEAPOLIS CRYSTAL AIRPORT, MN US",2022-10-24,,71,43,
USW00094960,"MINNEAPOLIS CRYSTAL AIRPORT, MN US",2022-10-25,,50,31,
USW00094960,"MINNEAPOLIS CRYSTAL AIRPORT, MN US",2022-10-26,,51,33,
USW00094960,"MINNEAPOLIS CRYSTAL AIRPORT, MN US",2022-10-27,,57,37,
USW00094960,"MINNEAPOLIS CRYSTAL AIRPORT, MN US",2022-10-28,,63,46,
USW00094960,"MINNEAPOLIS CRYSTAL AIRPORT, MN US",2022-10-29,,69,45,
USW00094960,"MINNEAPOLIS CRYSTAL AIRPORT, MN US",2022-10-30,,65,36,
USW00094960,"MINNEAPOLIS CRYSTAL AIRPORT, MN US",2022-10-31,,65,30,
USW00094960,"MINNEAPOLIS CRYSTAL AIRPORT, MN US",2022-11-01,,71,36,
USW00094960,"MINNEAPOLIS CRYSTAL AIRPORT, MN US",2022-11-02,,78,52,
USW00094960,"MINNEAPOLIS CRYSTAL AIRPORT, MN US",2022-11-03,,67,44,
USW00094960,"MINNEAPOLIS CRYSTAL AIRPORT, MN US",2022-11-04,,44,31,
USW00094960,"MINNEAPOLIS CRYSTAL AIRPORT, MN US",2022-11-05,,43,29,
USW00094960,"MINNEAPOLIS CRYSTAL AIRPORT, MN US",2022-11-06,,51,35,
USW00094960,"MINNEAPOLIS CRYSTAL AIRPORT, MN US",2022-11-07,,37,25,
USW00094960,"MINNEAPOLIS CRYSTAL AIRPORT, MN US",2022-11-08,,50,34,
USW00094960,"MINNEAPOLIS CRYSTAL AIRPORT, MN US",2022-11-09,,66,47,
USW00094960,"MINNEAPOLIS CRYSTAL AIRPORT, MN US",2022-11-10,,65,26,
USW00094960,"MINNEAPOLIS CRYSTAL AIRPORT, MN US",2022-11-11,,32,25,
USW00094960,"MINNEAPOLIS CRYSTAL AIRPORT, MN US",2022-11-12,,29,27,
USW00094960,"MINNEAPOLIS CRYSTAL AIRPORT, MN US",2022-11-13,,29,21,
USW00094960,"MINNEAPOLIS CRYSTAL AIRPORT, MN US",2022-11-14,,31,23,
USW00094960,"MINNEAPOLIS CRYSTAL AIRPORT, MN US",2022-11-15,,33,31,
USW00094960,"MINNEAPOLIS CRYSTAL AIRPORT, MN US",2022-11-16,,32,21,
USW00094960,"MINNEAPOLIS CRYSTAL AIRPORT, MN US",2022-11-17,,28,21,
USW00094960,"MINNEAPOLIS CRYSTAL AIRPORT, MN US",2022-11-18,,24,17,
USW00094960,"MINNEAPOLIS CRYSTAL AIRPORT, MN US",2022-11-19,,24,9,
USW00094960,"MINNEAPOLIS CRYSTAL AIRPORT, MN US",2022-11-20,,30,10,
USW00094960,"MINNEAPOLIS CRYSTAL AIRPORT, MN US",2022-11-21,,32,15,
USW00094960,"MINNEAPOLIS CRYSTAL AIRPORT, MN US",2022-11-22,,39,15,
USW00094960,"MINNEAPOLIS CRYSTAL AIRPORT, MN US",2022-11-23,,48,18,
USW00094960,"MINNEAPOLIS CRYSTAL AIRPORT, MN US",2022-11-24,,43,28,
USW00094960,"MINNEAPOLIS CRYSTAL AIRPORT, MN US",2022-11-25,,50,25,
USW00094960,"MINNEAPOLIS CRYSTAL AIRPORT, MN US",2022-11-26,,53,38,
USW00094960,"MINNEAPOLIS CRYSTAL AIRPORT, MN US",2022-11-27,,42,22,
USW00094960,"MINNEAPOLIS CRYSTAL AIRPORT, MN US",2022-11-28,,42,21,
USW00094960,"MINNEAPOLIS CRYSTAL AIRPORT, MN US",2022-11-29,,33,21,
USW00094960,"MINNEAPOLIS CRYSTAL AIRPORT, MN US",2022-11-30,,23,4,
USW00094960,"MINNEAPOLIS CRYSTAL AIRPORT, MN US",2022-12-01,,33,2,
USW00094960,"MINNEAPOLIS CRYSTAL AIRPORT, MN US",2022-12-02,,38,14,
USW00094960,"MINNEAPOLIS CRYSTAL AIRPORT, MN US",2022-12-03,,14,4,
USW00094960,"MINNEAPOLIS CRYSTAL AIRPORT, MN US",2022-12-04,,35,5,
USW00094960,"MINNEAPOLIS CRYSTAL AIRPORT, MN US",2022-12-05,,30,14,
USW00094960,"MINNEAPOLIS CRYSTAL AIRPORT, MN US",2022-12-06,,30,5,
USW00094960,"MINNEAPOLIS CRYSTAL AIRPORT, MN US",2022-12-07,,22,3,
USW00094960,"MINNEAPOLIS CRYSTAL AIRPORT, MN US",2022-12-08,,29,1,
USW00094960,"MINNEAPOLIS CRYSTAL AIRPORT, MN US",2022-12-09,,33,25,
USW00094960,"MINNEAPOLIS CRYSTAL AIRPORT, MN US",2022-12-10,,35,31,
USW00094960,"MINNEAPOLIS CRYSTAL AIRPORT, MN US",2022-12-11,,35,30,
USW00094960,"MINNEAPOLIS CRYSTAL AIRPORT, MN US",2022-12-12,,36,30,
USW00094960,"MINNEAPOLIS CRYSTAL AIRPORT, MN US",2022-12-13,,36,34,
USW00094960,"MINNEAPOLIS CRYSTAL AIRPORT, MN US",2022-12-14,,37,33,
USW00094960,"MINNEAPOLIS CRYSTAL AIRPORT, MN US",2022-12-15,,34,31,
USW00094960,"MINNEAPOLIS CRYSTAL AIRPORT, MN US",2022-12-16,,32,24,
USW00094960,"MINNEAPOLIS CRYSTAL AIRPORT, MN US",2022-12-17,,24,10,
USW00094960,"MINNEAPOLIS CRYSTAL AIRPORT, MN US",2022-12-18,,10,0,
USW00094960,"MINNEAPOLIS CRYSTAL AIRPORT, MN US",2022-12-19,,13,-1,
USW00094960,"MINNEAPOLIS CRYSTAL AIRPORT, MN US",2022-12-20,,11,-9,
USW00094960,"MINNEAPOLIS CRYSTAL AIRPORT, MN US",2022-12-21,,0,-9,
USW00094960,"MINNEAPOLIS CRYSTAL AIRPORT, MN US",2022-12-22,,-3,-12,
USW00094960,"MINNEAPOLIS CRYSTAL AIRPORT, MN US",2022-12-23,,-2,-12,
USW00094960,"MINNEAPOLIS CRYSTAL AIRPORT, MN US",2022-12-24,,7,-5,
USW00094960,"MINNEAPOLIS CRYSTAL AIRPORT, MN US",2022-12-25,,7,-6,
USW00094960,"MINNEAPOLIS CRYSTAL AIRPORT, MN US",2022-12-26,,12,1,
USW00094960,"MINNEAPOLIS CRYSTAL AIRPORT, MN US",2022-12-27,,25,3,
USW00094960,"MINNEAPOLIS CRYSTAL AIRPORT, MN US",2022-12-28,,39,25,
USW00094960,"MINNEAPOLIS CRYSTAL AIRPORT, MN US",2022-12-29,,36,19,
USW00094960,"MINNEAPOLIS CRYSTAL AIRPORT, MN US",2022-12-30,,23,15,
USW00094960,"MINNEAPOLIS CRYSTAL AIRPORT, MN US",2022-12-31,,37,20,